"レシピID","生成物ID","負荷"
"8000","4004","2"
"8001","7001","2"
"8002","4007","4"
"8004","4006","2"
"8003","4005","2"
"8005","1","2"
"8006","2001","2"
"8007","9006","2"
"8008","2","3"
"8009","4","3"
"8010","4008","2"
"8011","4009","2"
"8012","5000","2"
"8013","9008","2"
"8014","9009","3"
"8015","5001","4"
"8016","9013","2"
"8017","5002","4"
"8018","3001","4"
"8019","5003","3"
"8020","5004","4"
"8021","9014","2"
"8022","5005","3"
"8024","9016","2"
"8025","7","5"
"8026","2004","3"
"8027","3003","3"
"8028","3004","5"
"8029","3005","4"
"8030","8","4"
"8031","9","3"
"8032","10","5"
"8033","5006","2"
"8034","5007","4"
"8035","4010","2"
"8036","12","6"
"8037","13","3"
"8038","14","7"
"8039","15","3"
"8040","16","5"
"8041","17","8"
"8042","18","7"
"8043","2005","6"
"8023","2003","4"
"8044","2006","5"
"8045","2007","5"
"8046","3000","6"
"8047","2009","2"
"8048","2010","3"
"8049","2011","4"
"8050","2012","4"
"8051","3006","3"
"8052","3007","4"
"8053","5008","2"
"8054","11","4"
"8055","2013","2"
"8056","2014","3"
"8057","2015","5"
"8058","3008","3"
"8059","9019","2"
"8060","3009","4"
"8066","5009","3"
"8061","1001","2"
"8062","1002","4"
"8063","1003","2"
"8064","1004","3"
"8065","1005","5"
"8067","3010","2"
"8068","3011","4"
"8069","9018","2"
"8070","3012","3"
"8071","19","7"
"8073","4011","4"
"8072","5010","4"
"8074","5011","3"
"8075","20","8"
"8076","1006","4"
"8077","5012","4"
"8078","21","3"
"8079","22","4"
"8080","23","7"
"8081","24","4"
"8082","25","6"
"8083","5013","3"
"8084","7008","2"
"8085","7009","3"
"8086","7010","3"
"8087","5014","3"
"8088","5015","5"
"8089","5016","3"
"8090","3013","5"
"8091","5017","3"
"8092","2016","5"
"8093","3014","5"
"8094","2017","2"
"8095","2018","3"
"8096","2019","4"
"8097","2020","5"
"8098","2021","4"
"8099","2022","6"
"8100","3015","4"
"8101","5018","2"
"8102","4012","2"
"8103","4013","2"
"8104","3016","5"
"8105","5019","5"
"8106","2023","2"
"8107","2024","4"
"8108","2025","4"
"8109","2026","6"
"8110","2027","6"
"8111","2028","5"
"8112","2029","6"
"8113","26","4"